url,title,updated_date,tag_list,author,intro,full_content,faq
https://www.akc.org/expert-advice/sports/westminster-best-junior-2026/,Meet 2026 Westminster Best Junior Hadrian Towell,"Feb 04, 2026","['junior handler', 'best junior']",Melanie Haid,"Among the days-long conformation events at the 150th Westminster Kennel Club Dog Show is also competition for the younger handlers. Junior Handlers competed for Best Junior at Westminster on Monday and Tuesday, February 2-3. At the end of the two day competition, Hadrian Towell was named Best Junior at Westminster.

Monday morning and afternoon had Juniors competing in the Herding Group, Hound Group, Non-Sporting Group, and Toy Group. Tuesday had Juniors competing in the Sporting Group, Terrier Group, and Working Group throughout the day. The evening at Madison Square Garden held the Junior Showmanship finals, crowning Towell Best Junior with his dog, 8-year-old Manchester Terrier (Toy) “Simon” GCHG CH Passport Sunkissed It’s A Yes From Me Bonchien.

Towell was crowned Best Junior under the judging of Mr. Michael Faulkner of Center Cross, VA. He came out on top after besting 99 entrants, which were narrowed down to eight finalists for Best Junior Judging on Tuesday night. Mr. Jason Hoke of Madison, WI and Mrs. Valerie Nunes-Atkinson of Temecula, CA judged the preliminary rounds of junior showmanship at Westminster.

","{'How Does Junior Showmanship Work?': 'Junior Showmanship is a great way for kids and teenagers to get involved in the world of conformation. Between the ages of 9 to 18, Juniors are allowed to compete in this class, where they are assessed on how well they present their dog. This is different than regular conformation, where the dog is judged on how well it fits the breed standard.\n\nAKC is a participant in affiliate advertising programs designed to provide a means for sites to earn advertising fees by advertising and linking to akc.org. If you purchase a product through this article, we may receive a portion of the sale.\n\nThe Westminster Kennel Club Dog Show began in 1877, and Junior Showmanship has been a part of the show since 1934. While Westminster celebrates its 150th year in 2026, Junior Showmanship at Westminster celebrates its 92nd year.\n\nIn order for handlers to compete at Westminster, they must be invited. Junior Handlers need to win Best Junior Handler awards at a minimum of seven AKC conformation dog shows during the qualifying period of the year prior in order to be invited.\n\n', 'Junior Showmanship at Westminster': 'Name: Hadrian Towell\n\nAKC is a participant in affiliate advertising programs designed to provide a means for sites to earn advertising fees by advertising and linking to akc.org. If you purchase a product through this article, we may receive a portion of the sale.\n\nBreed:\xa0Manchester Terrier (Toy)\n\nDog Name:\xa0GCHG CH Passport Sunkissed It’s A Yes From Me Bonchien\n\nOwners:\xa0Kristen Henry, Douglas Denney, and Kellie Miller\n\nName: Tatum Bartlett\n\nBreed:\xa0Petits Basset Griffon Vendeen\n\nDog Name:\xa0“Spotify” GCHS CH M & M Stellar Spotify\n\nOwners:\xa0Janice Hayes, Donna Moore, Eric Ciceron, Wendy Doherty, Janice Brown\n\nName:\xa0Christine Roldan\n\nBreed:\xa0French Bulldog\n\nDog Name:\xa0“Hero” GCHB CH Duval Bullies Hero CGC TKI\n\nOwners:\xa0Julian & Prie Roldan, Christine Brown-Roldan\n\nName:\xa0Natalie Ryan Halfacre\n\nAKC is a participant in affiliate advertising programs designed to provide a means for sites to earn advertising fees by advertising and linking to akc.org. If you purchase a product through this article, we may receive a portion of the sale.\n\nBreed:\xa0English Springer Spaniel\n\nDog Name:\xa0“Cen” CH Wynmoor Blackpearl’s Alpha Centauri BCAT\n\nOwners:\xa0Billie Kerfoot, Buffie Gonzales, Chante Gonzales, and Erin Kerfoot\n\nFour additional Junior Handlers were named finalists during the 150th Annual Westminster Kennel Club Dog Show:\n\nSamantha Abels, who handled Havanese “Mason” GCHB CH Luv Bug N Brylee’s Conspiracy Theory. Mason is owned by Abels, Michelle Abels, and Connie Banitt.\n\nCameron Johnson, who handled Petit Basset Griffon Vendeen “Thomas” CH Trio Bugaboo’s Peaky Blinders CGCA CGCU TKN. Thomas is owned by Johnson, Clint Livingston, Karen Livingston, and Taylor Johnson.\n\nTaylor Stone, who handled Belgian Tervuren “Kai” GCHG CH Windsong Bonheur Well Spirited RA FDC BCAT DN CGC TKN ATT. Kai is owned by Stone, Alleyne Dickens, and Martha Schubert.\n\nAriOnna Walker, who handled English Setter “Mystery” GCH CH Kaska’s Mystery Machine. Mystery is owned by Lindsey Cook.\n\n', 'Junior Handlers Win Scholarships': 'The AKC Junior Showmanship program aims to create the next generation of handlers, with a focus on helping kids and teens grow into well-rounded individuals. To support Junior Handlers as they pursue their goals after aging out of Junior Showmanship, scholarships are awarded to the Westminster Finalists.\n\nAKC is a participant in affiliate advertising programs designed to provide a means for sites to earn advertising fees by advertising and linking to akc.org. If you purchase a product through this article, we may receive a portion of the sale.\n\nAs the first place Junior Handler winner, Towell received a $10,000 scholarship to use at a post-secondary college or technical school of their choice. The second place winner receives a $5,000 scholarship, third place receives a $4,000 scholarship, and fourth place receives a $3,000 scholarship. The remaining Junior Handler finalists will each receive a $500 scholarship award.\n\nFor kids and teens interested in participating in dog sports, consider learning more about how to get involved in Junior Showmanship.\n\n', 'We use cookies': '', 'Privacy Preference Center': ''}",[]
https://www.akc.org/expert-advice/sports/norwegian-lundehund-haldis-national-championship/,"‘Haldis,’ the Norwegian Lundehund, Is a Rare Breed and an Agility Natural","Dec 13, 2025","['AKC National Championship', 'norwegian lundehund', 'agility']",Elaine Waldorf Gewirtz,"“Haldis,” Hiddenite Skye Haldis of Threshing Oar, is a Norwegian Lundehund. The breed is known for its unique traits, including at least six fully functioning toes and extra paw pads. Owned and handled by her breeder, Kristina Maze, in the Washington, D.C. metropolitan area, the 11-month-old rare breed will compete in conformation at the 2025 AKC National Championship presented by Royal Canin.

This entry won’t be Haldis’s first time in the conformation ring. The puppy achieved her AKC Puppy of Achievement (POA) title in September 2025. The POA is an introductory AKC certificate for young dogs who earn 10 points in specific puppy conformation classes before their first birthday.

","{'A Rare Bendy Breed': ""According to the Norwegian Lundehund Association of America, there are only 100 Norwegian Lundehunds in the U.S. and Canada, and only 2,500 worldwide. A small dog, males 13 to 15 inches tall and females 12 to 14 inches tall, this unique breed has super-flexible neck and shoulder joints that allow the legs to extend sideways and at right angles to the body. There’s also certain grooming considerations for this overachieving polydactyl breed with seven toes. “When it comes time to trimming nails, I need a few pairs of cuticle scissors, rather than regular nail clippers,” says Maze.\n\nAKC is a participant in affiliate advertising programs designed to provide a means for sites to earn advertising fees by advertising and linking to akc.org. If you purchase a product through this article, we may receive a portion of the sale.\n\nWhat attracted Maze to this unusual breed? People fall in love with a specific breed for all kinds of reasons. For Maze, a yoga instructor, choosing a Lundehund at first was all about the stretch, but the more she learned about the breed, the more passionate she became.\n\n“When the AKC recognized the Norwegian Lundehund in 2011, another yoga instructor told me about the breed and said, ‘It’s flexible like you are,'” Maze says. The Lundie’s flexibility and foxlike, primitive appearance match Maze’s extreme stretching ability. Besides the obvious Upward Facing and Downward Facing Dog poses that most dogs can do, Maze’s Camel Pose, a big stretchy back bend where she’s kneeling and lifting her head back to see behind her, closely mirrors the Lundie’s elastic neck craning back to enable the head to touch the spine.\n\n"", 'Puffin Hunting Skills Persist': ""The Norwegian Lundehund evolved over millennia to hunt puffins from crevices on the steep sea cliffs of Vaeroy, a 6.1-square-mile remote, rocky island off the Norwegian coast. The dogs scaled rocks to pursue puffins, valued for their meat and colorful feathers, which helped sustain islanders. “Lundies were more valuable to the Vikings and the islands than cows,” Maze says. “The Vikings did not breed them specifically to collect puffins and their eggs, but they capitalized on what the dogs did naturally.”\n\nThe dogs used their extra toes and pads on their feet to dig into the rocks to catch a nesting bird, and their flexible necks enabled them to look back to see where they were going. Now a protected species, they’re hunted illegally, but the dogs have retained their specialized skills over the years.\n\nAKC is a participant in affiliate advertising programs designed to provide a means for sites to earn advertising fees by advertising and linking to akc.org. If you purchase a product through this article, we may receive a portion of the sale.\n\nThe breed’s one-of-a-kind characteristics fascinate Maze. “Lundies are the only breed in the world with four fewer teeth, which enables them to carry a puffin egg without breaking it,” she says. “Haldis’s mother, Dagny CH. Seacliff’s Dagny Deep once caught a fledgling in my yard, and when bringing it to me, the bird’s wings stuck out from the sides of Dagny’s mouth where there weren’t any teeth.”\n\nLundies use their paws to help propel them. “At the dog beach, they grip the sand to dig a large hole, and at the park on a long lead, they immediately want to run up hills and boulders mean nothing to them,” Maze says. “They scurry up and run back down in a flash.” The elongated pads on their back paws resemble the sportswear company’s checkmark-shaped logo and provide traction and braking.\n\nUnlike other dogs with a forward-motion gait, this breed’s most distinguishing characteristic is their “rotary” gait. “Their shoulders are so flexible, the dogs look like walking eggbeaters,” Maze says. “It resembles a repetitive wax-on, wax-off-type motion.”\n\nAKC is a participant in affiliate advertising programs designed to provide a means for sites to earn advertising fees by advertising and linking to akc.org. If you purchase a product through this article, we may receive a portion of the sale.\n\nWhile walking her dogs on the street, people always stop to ask Maze what breed she has. “When I say Norwegian Lundehunds, they say, ‘Lunde-what?'” Common guesses are usually Chihuahuas, Shiba Inus, or even foxes on leashes. “For this reason, I hand out trading cards I keep in my pocket that give information about the breed,” she says.\n\n"", 'Traveling to Puffin Land': 'To learn as much as she could about her dogs, Maze visited the breed’s birthplace in Mastad, the now-abandoned fishing village on the edge of the cliffs. “I wanted to see it for myself,” she says. Hiking the eight-mile round trip, Maze tackled the high, but treacherous, narrow path on her own. “Everything was clearly marked, and I took a lot of photos, so that helped … To get to Mastad, I took a ferry from Norway to the different Lofoten islands. The second stop is an archipelago, Vaeroy,” says Maze. “The people were invaluable and impressed that I would make this journey,” Maze says.\n\nAlthough no Lundehunds live on Vaeroy now, a week after she left the island, Lundehund owners came from across Europe for a meetup that happens once every five years. “There’s a camaraderie of people with this breed, and they held lectures and offered a week’s worth of activities,” she says.\n\nThrough her exploration, Maze learned that on the island of Tromso, off the mainland of Northern Norway, above the Arctic Circle, airport officials use Lundehunds to collect seagull eggs to prevent bird strikes on aircraft engines. “The dogs collect hundreds of them in an hour,” Maze says. “They still have a job to do.”\n\nAround the house, Haldis’s, Dagny’s, and Dagny’s litter sister, “Anja” CH Huffin’ Anja Puffin, FCAT3, have personalities that vary between mischief-makers and couch potatoes. Friendly and snuggly, the trio will alert their owner if someone comes to the door but know when to settle down. “They usually copy what I’m doing,” Maze says.\n\nAKC is a participant in affiliate advertising programs designed to provide a means for sites to earn advertising fees by advertising and linking to akc.org. If you purchase a product through this article, we may receive a portion of the sale.\n\n', 'We use cookies': '', 'Privacy Preference Center': ''}",[]
https://www.akc.org/expert-advice/sports/agility-invitationals-all-american-dog-vanna/,‘Vanna’ the All-American Dog Makes Her AKC Agility Invitational Debut,"Mar 13, 2026","['canine partners', 'all-american dog', 'AKC Agility Invitational']",Gemma Johnstone,"When Mary Greenwell, of Wright City, Missouri, and “Vanna”, her 3-year-old All-American Dog, walk to the start line at the 20th Annual AKC Agility Invitational in Orlando this December, they’ll be stepping onto the sport’s biggest stage. It’s quite a journey for the young dog who had a rocky start in life. Despite the not-so-bright beginning, Vanna has risen rapidly through the agility ranks with impressive turns of speed, skill, and never-ending enthusiasm.

Greenwell is grateful to have the opportunity to share the journey with Vanna and celebrate their partnership, built not only on a ton of training and innate talent, but also on a deep, life-changing bond.

","{'Hurdling With Herding Shelties': 'Greenwell’s love for agility began long before Vanna was in the picture. Her introduction to the sport came when she accompanied her dog-loving mother to a conformation show in Kentucky, where she was competing. “They had agility going on in a different building, and I went over to watch it and thought it looked amazing,” she explains. “I had a young Sheltie at the time, who I took to some training classes, and the rest is history.”\n\nAKC is a participant in affiliate advertising programs designed to provide a means for sites to earn advertising fees by advertising and linking to akc.org. If you purchase a product through this article, we may receive a portion of the sale.\n\nWhile her beloved Shetland Sheepdogs helped ignite Greenwell’s passion for agility, it was the transition to working with Border Collies, a more intense herding breed, that would elevate her involvement in the sport.\n\n', 'Stepping Up the Speed With Border Collies': 'Greenwell credits her first Border Collie, “Sobe,” with being a major influence on her agility journey and education. She was extremely speedy and driven, and naturally gifted as a competitor.\n\nWhile both Shelties and Borders are fast and intelligent, Greenwell laughs when describing how adjusting to the latter’s indefatigable nature was a steep learning curve. “Sobe was a very intense dog,” she says. “She wanted to please, but her skills were a lot better than mine, so it took me a lot to learn how to manage her speed as I didn’t want to slow her down.”\n\nWorking with Sobe significantly boosted Greenwell’s confidence in the agility ring. “She taught me about the importance of timing when communicating with your dog,” she says. “Dogs like that aren’t easy. When they’re moving so fast, and they knock a bar or miss something, you have to learn to be patient with them.”\n\nAKC is a participant in affiliate advertising programs designed to provide a means for sites to earn advertising fees by advertising and linking to akc.org. If you purchase a product through this article, we may receive a portion of the sale.\n\nSobe passed away around 4 years ago at the grand age of 15 and a half. By this point, three more Border Collies had joined the household. “Trip” was an incredible rescue Border Collie who earned five Master Agility Championship (MACH) titles before passing away at 12 and a half years old. 10-year-old “Levi” is currently wrapping up his successful agility career, and 6-year-old “Garth” doesn’t compete because of a shoulder injury he had as a puppy.\n\nHowever, it’s Vanna that has shaped this next big chapter in Greenwell’s agility journey.\n\n', 'From Rookie Rescue to Rising Star in Record Time': 'A few years back, Greenwell was still grieving the loss of both Sobe and Trip in close succession when 5-month-old Vanna came into her life unexpectedly. She and her littermates were surrendered to a sanctuary from a home in North Dakota affected by domestic violence. Heart of a Border Collie Rescue then placed her in a foster home.\n\n“I was sitting out on the porch waiting to go to church, and Vanna popped up on Facebook, and I couldn’t stop thinking about her,” she says. “I really think she was sent to me, as she looked like Sobe, but she talked to me through Trip.”\n\nAKC is a participant in affiliate advertising programs designed to provide a means for sites to earn advertising fees by advertising and linking to akc.org. If you purchase a product through this article, we may receive a portion of the sale.\n\nVanna’s petite and bright-eyed appearance stood out to Greenwell. “She’s a beautiful jumping dog who really excels at the sport,” Greenwell says with pride. “She was a lot easier to train than some of my other dogs.”\n\n\xa0\n\n', 'Building Strong Foundations for Agility Success': 'The timing of their partnership was perfect because Greenwell had just retired from her 35-year career in nursing. That shift allowed her to devote more time to laying the groundwork for agility, building their bond, and boosting Vanna’s confidence after so many early life changes. “I really think that Vanna has excelled because she had such a great foundation — nothing was rushed with her,” she says.\n\nBefore introducing Vanna to agility, Greenwell gave her the opportunity to learn other skills. She attended Trick Dog classes, trained in AKC Rally, and earned an AKC Fetch title. “Her passion in life is a tennis ball,” Greenwell says with a smile. “She loves you to throw it, and she’s darn good at catching it.”\n\nAKC is a participant in affiliate advertising programs designed to provide a means for sites to earn advertising fees by advertising and linking to akc.org. If you purchase a product through this article, we may receive a portion of the sale.\n\nIt wasn’t until Vanna was almost a year old that she started learning the basics of agility. Greenwell prioritized methodical foundation work through getting once-a-month private lessons and intensive homework from AKC USA Agility World Team competitor Cassie Schmidt and regularly attending local classes in St. Louis with Jennifer MacDonald and Karen Winter.\n\nThis approach meant Vanna wasn’t pushed into competition too quickly, allowing her to understand the importance of teamwork and focus on cues, criteria, and structure.\n\n', 'A Rapid Rise Through the Ranks': 'Once Vanna was ready to enter competitions, she moved up the levels rapidly. “She excelled through everything with fast, clean runs,” Greenwell says proudly. At 3 years old, Vanna has already earned two MACHs and is well on the way to getting her third.\n\nHer results place Vanna among the top five All-American Dogs in agility nationwide. Greenwell didn’t even realize they had achieved this accolade until someone else pointed it out late last year.\n\nAfter that, she decided to work towards qualifying for the Invitational. Living near St. Louis is an advantage in this regard, as numerous trials are held at nearby Purina Farms, allowing them to compete locally on a regular basis and maintain momentum.\n\n', 'The Rewards of Working With Rescue Dogs': 'Vanna and Greenwell’s partnership in the agility ring is strong. But more importantly, she’s a beloved family member who arrived just when they needed her most. She’s also just as fun and lively at home as she is on the course.\n\nAKC is a participant in affiliate advertising programs designed to provide a means for sites to earn advertising fees by advertising and linking to akc.org. If you purchase a product through this article, we may receive a portion of the sale.\n\nGreenwell giggles while explaining that Vanna loves watching television. She even has a favorite commercial from The Farmer’s Dog. “She literally just stares at the television, then takes a toy, shakes it, and gets herself all worked up. It’s hilarious.”\n\nIt’s clear Vanna loves the variety in her life and having the opportunity to learn new things. Greenwell plans to dabble in AKC Scent Work with her and add to her Rally titles.\n\nAKC is a participant in affiliate advertising programs designed to provide a means for sites to earn advertising fees by advertising and linking to akc.org. If you purchase a product through this article, we may receive a portion of the sale.\n\nAs the big day approaches, Greenwell recognizes that competing will be a somewhat nerve-wracking experience for her, no matter how much faith she has in Vanna’s abilities. However, the pair plan to focus on enjoying the experience of their first AKC Invitational together.\n\nRegardless of the results, Greenwell says she’ll always be super proud of Vanna, and she’s thankful she was able to offer her a second chance at life. “I was in such sorrow, and there she popped up,” she says. “I’m also glad that everything turned out well for her, because life wasn’t heading that way in the beginning.”\n\nShe’s grateful for the sport, the community, and the organizations that open doors for All-American Dog competitors. “These dogs have just as much to give,” she says with conviction. And in Orlando in December, Vanna will be out to prove just that.\n\n', 'We use cookies': '', 'Privacy Preference Center': ''}",[]
https://www.akc.org/expert-advice/sports/akc-rach-invitational-chihuahua-bear/,‘Bear’ the Chihuahua’s Redemption Year at 2025 AKC RACH Invitational,"Dec 09, 2025","['chihuahua', 'senior dog', 'akc rach invitational']",Rylee Johnston,"Suzanne Bauman and her long-coated Chihuahua “Bear” will compete at the AKC RACH Invitational on December 11 and 12 at the Orange County Convention Center in Orlando, FL, as part of the AKC National Championship Week.

Bear and Bauman aren’t just representing the Chihuahua breed at the RACH Invitational – Bear is also one of the oldest dogs competing. The team is entering the course seeking redemption this year, so they’ve made the stakes high for themselves. All in all, Bauman sees dog sports as an opportunity to bond with her dog doing something that brings him joy.

","{'Using Last Year as a Learning Opportunity': 'When AKC debuted the RACH Invitational last year, Bear was also the only Chihuahua to compete. Being the sole representative meant that Bauman felt a lot of pressure. Even with a decade of experience under her belt, she says she wasn’t prepared for the challenges that come with this event, including being unable to walk the course beforehand.\n\nAKC is a participant in affiliate advertising programs designed to provide a means for sites to earn advertising fees by advertising and linking to akc.org. If you purchase a product through this article, we may receive a portion of the sale.\n\n“That was a new experience for us, and my nerves got the best of me,” she says. “I’m coming back this year feeling confident and being able to run these courses without walking them.”\n\nWith the first year behind them, Bauman adapted her training methods with the help of her AKC Rally teacher, Sam Scicchigno. She considers Scicchigno an inspiration, and someone who can keep her “on track.” To help prepare for the upcoming competition, Bauman has been entering the training ring without prior knowledge of the setup in an effort to mimic what she can expect on competition day.\n\n“That’s sort of the preparation we’ve done to make sure that I’m able to think on my feet,” she says. “I want to make sure that I’m giving Bear all the information he needs to perform the exercise correctly.”\n\n', 'Chi Power in the Ring': 'Bauman and Bear have been competing in AKC Rally competitions for about 10 years now. With Bear inching toward 16 years old, he’s one of the oldest dogs competing. This honor isn’t new for Bauman. She also owns Bear’s littermate, “Teddy,” who was the oldest competitor at the 2025 AKC National Agility Championship. Instead, she sees it as an opportunity to spotlight the breed.\n\nAKC is a participant in affiliate advertising programs designed to provide a means for sites to earn advertising fees by advertising and linking to akc.org. If you purchase a product through this article, we may receive a portion of the sale.\n\n“I feel so proud to represent the breed,” she says. “I love being able to show people that they can do every sport that is out there, whether it’s agility, Rally,\xa0 obedience, Fast CAT, or any of these sports that AKC offers.”\n\nAKC is a participant in affiliate advertising programs designed to provide a means for sites to earn advertising fees by advertising and linking to akc.org. If you purchase a product through this article, we may receive a portion of the sale.\n\nSmall dogs generally have shorter legs. But while some perceive as a disadvantage in the ring, Bear’s skill proves it’s not a deterrent.\n\n', 'Proving Age Is Just a Number': 'As he’s gotten older, Bauman has shifted her training method to make sure Bear stays healthy and strong for everyday activities and competitions.\n\n“We make sure we do our hill workouts every day,” she explains. “[My priority is] making sure to keep him in top physical shape.” Their routine also includes physical therapy and chiropractic care, which Bauman says help to keep his body healthy and strong.\n\n“It’s all about communication, and being a team with your dog. He can’t do it without me, and I can’t do it without him,” says Bauman. “Form that bond with your dog, and you’ll be a success.”\n\nAKC is a participant in affiliate advertising programs designed to provide a means for sites to earn advertising fees by advertising and linking to akc.org. If you purchase a product through this article, we may receive a portion of the sale.\n\n', 'Remembering They’re a Team': 'While Bauman experiences pre-competition jitters, the quick-footed Bear is her happy, confident dog, patiently awaiting her commands. For him, it’s an opportunity to do something he’s passionate about. “He just exudes joy when he walks into the ring,” she says.\n\nIt’s when Bauman feels the pressure, that she finds she needs to recenter her focus. “He doesn’t have any problems. It’s me. I need to make sure my game is on point,” she says. “We need to make sure that I’m doing exactly what I need to do to give him the information he needs.\n\nAKC is a participant in affiliate advertising programs designed to provide a means for sites to earn advertising fees by advertising and linking to akc.org. If you purchase a product through this article, we may receive a portion of the sale.\n\nWhen she feels especially stressed, she relies on Bear to keep them both grounded. “We just have a little conversation before we walk in the ring that we’re the best team walking in, and we’re going to be the best team walking out too,” she says.\n\n', 'We use cookies': '', 'Privacy Preference Center': ''}",[]
https://www.akc.org/expert-advice/sports/junior-handler-spotlight-sarah-benson/,Meet Junior Handler Sarah Benson,"Sep 02, 2025","['AKC Rally', 'fast cat', 'junior showmanship']",Lindsey Dobruck,"Sarah Benson had been showing in AKC Junior Showmanship for just over a year when she received a golden-yellow envelope in the mail.

The 13-year-old handler, from Nicolaus, California, was so new to the sport that she didn’t recognize the Westminster Kennel Club’s purple emblem. Inside, a letter congratulated Sarah for qualifying for the Junior Showmanship competition at the 2025 show.

“I didn’t even know what Westminster was until I got the invitation,” Sarah says. She had unwittingly earned her spot just under the wire — winning her seventh Best Junior on the last qualifying weekend.

Realizing her achievement, she seized the opportunity to compete at the prestigious show — and she hasn’t slowed down since. Sarah devotes nearly every weekend to dog sports, whether it’s competing in Juniors, running AKC Fast CAT, participating in AKC Rally, or assisting her mentors, breeder-handlers Robin and Monika Stachon.

“I’m not winning every weekend, but when you do win, it’s so fun,” Sarah says. “Even when you don’t win, it’s fun because you still get to go in the ring with your dog.”

","{'‘A Dog-Obsessed Child’': ""Though Sarah is the first in her family to show dogs in conformation, her parents competed in flyball, agility, and obedience before she was born. Sarah’s love for dogs was apparent at a young age — her mom, Jennifer Akins, describes her as a “dog-obsessed child” who started asking for her own puppy at age 3.\n\n“She absolutely loved PAW Patrol,” Akins says, “and when we got a rescue GSD, she named him ‘Chase,'” after the German Shepherd Dog character in the show.\n\nAt 7, Sarah and her family’s rescued Border Collie participated in Kidz Kamp, a free summer program hosted by AKC agility judge Ann McQuillen, of Competition K9 in Placerville, California. She learned foundational training skills and began training in obedience, agility, Rally, Barn Hunt, and tricks.\n\nSeeing her passion continue to grow, Sarah’s parents finally agreed she was ready for a dog of her own at 10 years old — under the condition that she would train him herself.\n\nAKC is a participant in affiliate advertising programs designed to provide a means for sites to earn advertising fees by advertising and linking to akc.org. If you purchase a product through this article, we may receive a portion of the sale.\n\n"", 'Playing With Fire': 'Enter “Arson,” a 9-week-old, fiery red Australian Shepherd puppy. Sarah joined the 4-H dog project, where she learned about canine care, anatomy, and training. She later became the 4-H dog project junior leader and successfully lobbied the county fair to include AKC Rally at their event. As Arson matured, she showed him in 4-H at the county fair, and soon entered the world of AKC Juniors.\n\n“I found AKC to be a little bit easier than 4-H in some ways,” Sarah says. In 4-H, judges quiz the kids on canine anatomy and sometimes require more complex gaits, such as the L-pattern. “It was hard, but I feel like it helps you learn way more when you get asked those types of questions and do those patterns.”\n\nWhen Arson hit adolescence, he started getting distracted in handling class, Sarah says — so her instructor, Borzoi breeder Monika Stachon, suggested she practice with “Elf,” a 7-year-old retired champion. The two clicked, and before long, Elf became Sarah’s Junior dog.\n\n“She’s so fun to show — I really love the breed,” Sarah says. She now co-owns Elf with the Stachons, and has her sights on more hounds — she’s considering an Afghan Hound as her next Junior’s dog, and aspires to one day be the top junior handler in the Hound Group.\n\nAKC is a participant in affiliate advertising programs designed to provide a means for sites to earn advertising fees by advertising and linking to akc.org. If you purchase a product through this article, we may receive a portion of the sale.\n\n“I like the way they move and the way they act … I like their whole demeanor. ” Sarah says of sighthounds. “They’re really an elegant breed. Everything about them is really cool.”\n\n', 'The Show Must Go On': ""Last-minute flight complications prevented Elf from joining Sarah at Westminster this year, heaping stress and uncertainty onto an already exciting experience. But Sarah is resilient, and the dog show community had her back. Her handling instructor, Jody Davidson, offered her Cesky Terrier, “Andi,” to use in Juniors.\n\nAKC is a participant in affiliate advertising programs designed to provide a means for sites to earn advertising fees by advertising and linking to akc.org. If you purchase a product through this article, we may receive a portion of the sale.\n\n“She was the sweetest little dog,” Sarah says. “I’d never handled a terrier breed before that, or a table breed in Juniors. So it was very stressful.”\n\nDavidson coached Sarah on how to set Andi up on the table, show the bite, and groom the unique Cesky coat. While the team didn’t place, Sarah is proud of their performance, having never shown a table breed and meeting her canine teammate just one day before.\n\n“It was super fun,” Sarah says. “Andi was so happy to work. She was just like, ‘OK, yeah, let’s go!'”\n\nToday, Sarah shows a variety of breeds throughout California — plus the occasional goat in 4-H. She has also added another Australian Shepherd, “Cinder,” to her family and shows her Aussies in breed, Junior Showmanship, and Rally.\n\nSarah has already earned the minimum of seven Best Junior wins to qualify for the 2026 Westminster show and now enjoys showing different breeds to improve her skills as a handler. She assists the Stachons on weekends, sometimes traveling with them to shows, and is considering a future career in professional handling.\n\n“It’s so fun just getting to work with all these dogs and getting to go into the ring a ton of times,” Sarah says. “Just walking the dogs and setting up ex-pens — I don’t know why, but that is so satisfying to me.”\n\n"", 'We use cookies': '', 'Privacy Preference Center': ''}",[]
https://www.akc.org/expert-advice/sports/dog-sports-senior-dogs/,Can Dog Sports Keep Dogs Sharper as They Age?,"Jul 17, 2025",[],"Stephanie Gibeault, MSc, CPDT","Whether it’s agility, scent work, or pulling a sledge, dog sports are an incredibly fun way to spend time with your dog. They provide your dog with mental stimulation and physical exercise, plus all that time spent working as a team strengthens your bond. But could there be an even longer-lasting advantage? Scientists think there might be.

It’s possible that dog sports done at any age could delay cognitive aging in later years. However, to explore how dog sports affect senior dogs, the research team needs a huge study sample. If you have a dog over the age of 7, whether you participated in dog sports or not, this is your chance to contribute to a discovery that could help dogs around the world stay happier and healthier in their older years.

","{'Dog Sports Are Beneficial to Dogs’ Wellbeing': 'Dr. Péter Pongrácz, associate professor of the Department of Ethology at Eötvös Loránd University, and graduate student Petra Dobos, are leading the research, which is supported by a grant from the Morris Animal Foundation. According to Dr. Pongrácz, cognitive aging in dogs has been a popular topic of study over the last 10 years. But despite dog enthusiasts debating the benefits of dog sports, nobody has looked at the effect of a dog’s lifetime activity on aging.\n\nAKC is a participant in affiliate advertising programs designed to provide a means for sites to earn advertising fees by advertising and linking to akc.org. If you purchase a product through this article, we may receive a portion of the sale.\n\nDr. Pongrácz and Dobos feel recreational dog sports can be beneficial for dogs because they improve their relationships with their owners. Plus, most sports involve a lot of training, which is great for dogs’ everyday well-being. Dog sports also get dogs moving, so they’re advantageous for physical health, at least as long as they’re not too heavy or intense.\n\nThe researchers are excited to see whether dog sports provide the additional benefit of slowing cognitive aging. Dobos says she expects they do because the various types of sports all give a dog’s brain a workout. “Sometimes the dog has to follow the instructions of the owner. That also needs some thinking. But there are some problem solver activities as well, or some training includes searching on their own, so we would expect that sport could extend the aging of dogs,” she explains.\n\n', 'Do Different Dog Sports Have Different Effects?': 'Dr. Pongrácz believes dogs who participate in dog sports may show less severe symptoms of cognitive aging. But all sports may not be created equal. He explains that there are different ways to stimulate a dog’s brain. It could be through social interaction, such as with the handler. Or it could be through the senses, like olfaction, hearing, or vision. Just attending an event can provide a lot of these types of stimulation. “We have a suspicion we cannot prove right now,” he says, “but hopefully after the study we can say something about which are the most beneficial sports. And whether it is important that the dog is doing something which is sort of closer to the original function of the dog, or if it doesn’t matter, just do something.”\n\nAKC is a participant in affiliate advertising programs designed to provide a means for sites to earn advertising fees by advertising and linking to akc.org. If you purchase a product through this article, we may receive a portion of the sale.\n\nThe idea of matching your dog sport to your dog’s original purpose is a fascinating one. For example, would a Dachshund benefit more from Earthdog than obedience? Or a Siberian Husky from pulling a sledge versus participating in agility? Dr. Pongrácz and Dobos expect different sports to have different impacts on dogs, but they need to tease apart both breed and sport in their study. They also need to account for confounding variables like the size of the dog, whether they live indoors or outdoors, whether the dog is spayed or neutered, the dog’s physical health, and so on. That requires a massive sample size.\n\n', 'Dog Owners Needed for Citizen Science': 'To truly study how dog sports affect senior dogs, Dobos says they’re hoping for around 1,000 participants. From their point of view, the best way to recruit many dog owners is by conducting an online questionnaire. Finding participants virtually also allows the scientists to reach a wide range of owners around the world. The questionnaire is for any owner of a dog 7 years of age or older. Both purebred dogs and mixed breeds are welcome, and the dog doesn’t have to have done even a day of dog sports to participate.\n\nAKC is a participant in affiliate advertising programs designed to provide a means for sites to earn advertising fees by advertising and linking to akc.org. If you purchase a product through this article, we may receive a portion of the sale.\n\nThe anonymous questionnaire only takes 15 minutes. Researchers also plan to keep all answers confidential and only use them for research purposes. Dobos and Dr. Pongrácz hope to reach their target number of participants in the next six or seven months and have final results available in about a year.\n\nThey’re also conducting in-person experiments to complement the questionnaire. They’ll be putting older dogs through a variety of experiments, such as memory tests, eye contact tests, and problem-solving tasks, to measure the actual effects of cognitive aging. Those results may take an additional year to complete.\n\nThe goal of the study is to provide dog owners with advice about how to best help their dogs minimize cognitive aging. It’s not about which sport is right or wrong. This questionnaire is a chance for dog owners or breeders to participate in a study that could eventually benefit dogs everywhere. Dr. Pongrácz hopes the research will “truly yield something that is useful for everyone around the world who wants healthier, happier dogs to live with until old age.”\n\nAKC is a participant in affiliate advertising programs designed to provide a means for sites to earn advertising fees by advertising and linking to akc.org. If you purchase a product through this article, we may receive a portion of the sale.\n\n', 'We use cookies': '', 'Privacy Preference Center': ''}",[]
https://www.akc.org/expert-advice/sports/junior-handler-spotlight-quinn-duncan/,Meet Junior Handler Quinn Duncan,"Jul 21, 2025","['AKC Rally', 'german wirehaired pointer', 'junior showmanship']","Sassafras Patterdale, CPDT-KA, CTDI","First-generation dog show handler Quinn Duncan, a 16-year-old from Gulf Shores, Alabama, has already made a name for herself, successfully competing across a variety of sports with her two German Wirehaired Pointers, “Theo” Afterhours Theo Adore The Wilderness RN RATI FDC DCAT CGCU TKE ATT VHMA VHMP, and “Faye” Afterhours Underdressed At The Symphony TKN VHMP. Duncan and her dogs are active in conformation, Barn Hunt, Dock Diving, Fast CAT, AKC Rally, obedience, and Disc Dog. She is also training in Field Trials and Musical Freestyle.

","{'Starting on the Path to Competing': 'Duncan became involved in dog sports after her childhood dog passed from cancer in 2020. “Life without a dog was hard, and I began the search for my own personal dog,” she explains. Now, Duncan is very active with German Wirehaired Pointers, but she fell into the breed by accident while researching German Shorthaired Pointers, a breed she is now also involved with. “As someone who was super new to dog sports and ethical breeding, I wasn’t sure what exactly to be looking for. It was one of those things where you don’t know how exactly it happened, but you’re beyond glad it did.” Duncan continued researching the breed, and a few months after finding a GWP breeder, she brought home her first sport dog.\n\nConnecting with a responsible breeder opened the door for Duncan to get her first show dog. But, along the way, she also realized how many fun sports and events they could participate in together. “I remember filling out my puppy application for my first GWP and using the ‘What plans do you have for your dog?’ checkbox to its full potential. It was a moment of realization of everything I wanted to accomplish,” Duncan says.\n\nOnce she brought her puppy home, they started training right away. “I started my dog sports journey in mid-2021. I had my rambunctious GWP puppy and a dream,” Duncan recalls. She first started training in Rally, then moved on to Fast CAT, and she was hooked. “I made my Rally and obedience debut at the 2024 German Wirehaired Pointer Club of America National with my first dog, Theo, and our first time in the ring, scoring a 99/100. We swept three first places that weekend,” Duncan proudly remembers.\n\n', 'Building Community With Adults and Junior Handlers': 'Getting involved in the dog world has been life-changing for Duncan, as it’s helped her find and develop a second family. “I’m a first-generation handler, and as someone who did not grow up in the dog world, the best thing that ever happened to me was finding my own dog sports family who will always have my back.”\n\nAKC is a participant in affiliate advertising programs designed to provide a means for sites to earn advertising fees by advertising and linking to akc.org. If you purchase a product through this article, we may receive a portion of the sale.\n\nThe GWP world has been incredibly welcoming of Duncan, helping her establish herself in the breed and performance sports. However, she notes that being a successful junior handler doesn’t always come easily. This is especially true for Duncan, since she lives in an area where there aren’t a lot of other kids and teens involved, especially in performance sports. “When I go to a trial, I am usually the youngest person there. Some people notice, others look right past you,” Duncan adds.\n\nStanding out as a junior handler can be stressful and overwhelming, and Duncan has made it her mission to be welcoming to other kids just getting started. “I understand that starting in sports as a teenager can be tough. I always invite local young handlers to try new sports, and I’ve made a lot of connections just doing that,” she says. For her, it’s not just about making friends but also ensuring others feel welcome and included. “I will always be the person that I wish I had when I was first starting out,” Duncan adds.\n\n', 'Getting Into the Field': 'Most recently, Duncan has started getting involved with hunting to help harness her dog’s natural skills. “I thought about starting field work with my dogs because one of my goals is to put a German Wirehaired Pointer Club of America versatility award on my Novice A dog. Field work is the missing piece of the puzzle before we can apply,” Duncan explains. Breed clubs award versatility titles to showcase dogs that excel in multiple sports and showcase the versatility of the breed. Although junior handlers can and do participate in any sport, some are more common than others. “Going from conformation to hunting is a whole new world.” Duncan notes. However, she was quick to follow up that, much to her surprise, she and her dogs were welcomed every step of the way as they started this new sport where there weren’t many juniors.\n\nAKC is a participant in affiliate advertising programs designed to provide a means for sites to earn advertising fees by advertising and linking to akc.org. If you purchase a product through this article, we may receive a portion of the sale.\n\n“I would have never expected people to be so supportive,” she says. “People love having juniors out to learn about the sport. Everybody I have talked to has encouraged me immensely.” Duncan especially appreciates the way that Field Trials showcase the natural skills of her hunting dogs and the work they were originally bred to do. Duncan and her dogs are still developing their skills, but she has built a network of mentors to guide her on her journey. She aspires to one day compete in AKC Hunt Tests and Field Trials.\n\n', 'Navigating Disability': 'A unique challenge for Duncan is that she lives with a disability. “I suffer from POTS (Postural Orthostatic Tachycardia Syndrome), and it doesn’t make life easy,” Duncan explains. Health has to always be a priority, and sometimes that means not being able to do everything she wants to do with the dogs. Duncan says this is particularly challenging because she loves dog shows and competing in performance sports so much. “Learning how to balance competing while also taking care of my health has been a learning curve,” she says. “It’s hard not to push yourself when you truly love your sport so much. Not every weekend feels great for me, but my dogs make it worth it in the end.”\n\nFor Duncan, there are certain challenges she faces behind the scenes before ever stepping into the ring. “Partaking in sports while dealing with a chronic illness is a struggle most people would never think of. Sometimes, I like to overdo myself on show weekends. I have to remind myself to stay hydrated and make sure I am doing everything I can to help me feel better,” she says. Unfortunately, because of the nature of her condition, no matter how much attention she pays to her health, it isn’t always enough. “I’ve had to miss out on many ring times due to it … a lot of the time, I have to end up scratching classes, or I have a very supportive team that will take my dogs in for me.”\n\nAKC is a participant in affiliate advertising programs designed to provide a means for sites to earn advertising fees by advertising and linking to akc.org. If you purchase a product through this article, we may receive a portion of the sale.\n\nEven when she isn’t feeling her best, for Duncan, it’s worth pushing through to showcase her dogs. “Dog sports to me is one of those things that I love so much, and I will often accidentally sacrifice my health over it. After a weekend out, I take time to let my body rest to prevent a flare-up.” In order to accommodate her disability, Duncan doesn’t maintain a consistent training schedule for the dogs. Instead, she prioritizes training when she’s physically able to do so. “Some weeks I can hardly get out of bed, and others I feel like I’m on top of the world, but you never really know how your week will go.” She notes that on the good days, she spends most of her time working with the dogs. She appreciates how understanding her dogs are on the bad health days and that on those days, “they also think sleeping is a great idea.” Dogs are her constant companions, and she notes that regardless of how she feels, they’re always there for her.\n\nIn the future, Duncan looks forward to continuing to be involved in sports. She particularly hopes to put a Rally Champion Title (RACH) on one of her dogs. Since there is only a handful of German Wirehaired Pointers with the title, she says this accomplishment would be especially meaningful to her. In the meantime, Duncan is focused on earning a Versatility title on her first sport dog as a junior handler, and she hopes to inspire others to set records with their own dogs.\n\nAKC is a participant in affiliate advertising programs designed to provide a means for sites to earn advertising fees by advertising and linking to akc.org. If you purchase a product through this article, we may receive a portion of the sale.\n\n', 'Trusting Her Dogs': 'In her free time, Duncan enjoys creating Musical Freestyle or dog dancing routines with her dogs. “Due to the lack of clubs in the United States, I have never been able to officially compete. I would love to start a local group of people that love the sport as much as I do,” Duncan explains. The artistic and creative aspects of Musical Freestyle are what attract Duncan to dancing with her dogs.\n\n“It’s sort of like taking a dance class, only your partner is a dog. It would be a dream to popularize musical freestyle in North America. It is a hidden gem that many people don’t know about,” Duncan says. “There’s something about getting to dance and create routines with your dogs that makes you feel complete.”\n\nDuncan and her dogs are active in a wide range of sports, in part because she’s a big believer in trying everything at least once. But success across all these very different sports and activities requires a creative training approach. “I’m very go with the flow when it comes to training my dogs,” Duncan explains. She notes that she has to be especially thoughtful about her dog’s breed-specific traits when designing a training routine. “Owning German Wirehaired Pointers teaches you that nothing is really your idea. When they feel like training, we will do short sessions followed by play.” Keeping her training sessions fun and short keeps her dogs always wanting more, making them enthusiastic competitors.\n\nDuncan is foremost focused on making sure that her dogs live happy and well-rounded lives. She says it’s important to let dogs be dogs and wants to ensure they’re having fun, too. “Most of my training is simple life skills. They learn by living life. I will never expect a perfect dog,” she explains. “I’m a strong believer that as long as everybody is safe, go have fun.”\n\n', 'We use cookies': '', 'Privacy Preference Center': ''}",[]
https://www.akc.org/expert-advice/sports/akc-agility-premier-cup-winners-2025/,Meet the Winners of the 2025 AKC Agility Premier Cup,"Jul 06, 2025","['agility premier cup', 'espn']",Melanie Haid,"The sixth annual AKC Agility Premier Cup has crowned its winners! Some of the fastest agility dogs gathered in Georgia on May 2 as part of the AKC Salutes the Troops event with ESPN to determine who could get the fastest times and cleanest runs. The event aired on ESPN2 on July 5.

Winners were declared in each height division: 8″, 12″, 16″, 20″, and 24″. Each height division crowned an overall winner as well as second-, third-, and fourth-place teams.

","{'8″ Height Division Winners': 'Call Name: Lark\n\nBreed: Papillon\n\nHandler: Betsey Lynch\n\nOwner: Betsey Lynch\n\nAKC is a participant in affiliate advertising programs designed to provide a means for sites to earn advertising fees by advertising and linking to akc.org. If you purchase a product through this article, we may receive a portion of the sale.\n\nTime: 37.990 seconds\n\nCall Name: Harley Quinn\n\nBreed: Papillon\n\nHandler: Dresden Graff\n\nOwner: Dresden Graff\n\nTime: 42.803 seconds\n\nCall Name: Chelsea\n\nBreed: Pembroke Welsh Corgi\n\nHandler: Janelle Brooks\n\nOwner: Janelle Brooks\n\nTime: 43.400 seconds\n\nCall Name: Kiwi\n\nBreed: Papillon\n\nHandler: Michael Fitch\n\nOwner: Karena Kosco\n\nTime: 44.561 seconds\n\nAKC is a participant in affiliate advertising programs designed to provide a means for sites to earn advertising fees by advertising and linking to akc.org. If you purchase a product through this article, we may receive a portion of the sale.\n\n', '12″ Height Division Winners': 'Call Name: Nimble\n\nBreed: All-American Dog\n\nHandler: Cynthia Horner\n\nTime: 29.780 seconds\n\nCall Name: Maui\n\nBreed: Poodle\n\nHandler: Tammie Gigstad\n\nOwner: Tammie Gigstad\n\nTime: 32.621 seconds\n\nCall Name: Swindle\n\nBreed: Shetland Sheepdog\n\nHandler: Abbey Beasley\n\nOwner: Abigail Beasley\n\nTime: 33.703 seconds\n\nAKC is a participant in affiliate advertising programs designed to provide a means for sites to earn advertising fees by advertising and linking to akc.org. If you purchase a product through this article, we may receive a portion of the sale.\n\nCall Name: Style\n\nBreed: Shetland Sheepdog\n\nHandler: Erin Rakosky\n\nOwner: Erin Rakosky\n\nTime: 37.327 seconds\n\n', '16″ Height Division Winners': 'Call Name: Zula\n\nBreed: Border Collie\n\nHandler: Jada Sawhney\n\nTime: 30.296 seconds\n\nCall Name: Surprise\n\nBreed: Border Collie\n\nHandler: Jennifer Crank\n\nOwner: Jennifer Crank\n\nTime: 33.989 seconds\n\nAKC is a participant in affiliate advertising programs designed to provide a means for sites to earn advertising fees by advertising and linking to akc.org. If you purchase a product through this article, we may receive a portion of the sale.\n\nCall Name: SeaYa\n\nBreed: Border Collie\n\nHandler: Anne Marie Hopkins\n\nOwner: Anne Marie Hopkins\n\nTime: 34.682 seconds\n\nCall Name: Rey\n\nBreed: Border Collie\n\nHandler: Anne Duff\n\nOwner: Anne Duff\n\nTime: 39.354 seconds\n\n', '20″ Height Division Winners': 'Call Name: Xcel\n\nBreed: Working Kelpie \n\nHandler: Erin Stumler\n\nOwner: Erin Stumler\n\nTime: 31.987 seconds\n\nAKC is a participant in affiliate advertising programs designed to provide a means for sites to earn advertising fees by advertising and linking to akc.org. If you purchase a product through this article, we may receive a portion of the sale.\n\nCall Name: Rose\n\nBreed: Border Collie\n\nHandler: Jeremy Schultz\n\nOwner: Jeremy Schultz\n\nTime: 33.995 seconds\n\nCall Name: Cricket\n\nBreed: All-American Dog\n\nHandler: Flora Steffan\n\nOwner: Flora Steffan\n\nTime: 44.422 seconds\n\nCall Name: Feather\n\nBreed: Border Collie\n\nHandler: Kaylee Cundiff\n\nOwner: Nida Guensri\n\nTime: 37.049 seconds\n\nAKC is a participant in affiliate advertising programs designed to provide a means for sites to earn advertising fees by advertising and linking to akc.org. If you purchase a product through this article, we may receive a portion of the sale.\n\n', '24″ Height Division Winners': 'Call Name: Genuine\n\nBreed: Border Collie\n\nHandler: Perry DeWitt\n\nOwner: Perry DeWitt\n\nTime: 30.552 seconds\n\nCall Name: Howie\n\nBreed: Border Collie\n\nHandler: Amber McCune\n\nOwner: Celeste Maurer\n\nTime: 35.561 seconds\n\nCall Name: Frogg\n\nBreed: All-American Dog\n\nHandler: Lisa Phillips\n\nOwner: Lisa Phillips\n\nAKC is a participant in affiliate advertising programs designed to provide a means for sites to earn advertising fees by advertising and linking to akc.org. If you purchase a product through this article, we may receive a portion of the sale.\n\nTime: 43.662 seconds\n\nCall Name: Blade\n\nBreed: Belgian Sheepdog\n\nHandler: Bob Nash\n\nOwner: Bob Nash\n\nTime: 40.090 seconds\n\n', 'We use cookies': '', 'Privacy Preference Center': ''}",[]
https://www.akc.org/expert-advice/sports/akc-diving-dogs-challenge-winners-2025/,Meet the Winners of the 2025 AKC Military Diving Dogs Challenge,"Jul 05, 2025","['diving dogs', 'dock diving', 'diving dogs challenge', 'salute the troops']",Melanie Haid,"The Diving Dogs Challenge is back – this year with a new look. For 2025, the AKC Military Diving Dogs Challenge was held in collaboration with North American Diving Dogs and ESPN. The event was part of the AKC Salutes the Troops event, held in Georgia along with the AKC Agility Premier Cup and AKC Fastest Dogs USA.

The AKC Diving Dogs Challenge was held on May 3rd, and premiered on ESPN on July 4. Dogs competed in three disciplines, each named as part of the AKC Salutes the Troops event: Elite Premier (Chinook), Senior Master (Apache), and Lap (Blackhawk). See the placements below!

","{'Elite Premier, Chinook': 'Call Name: Posey\n\nBreed: Belgian Malinois\n\nHandler(s):  Katie Smith\n\nFrom: Oxford, MI\n\nCall Name: Misfit\n\nBreed: Whippet\n\nHandler(s): Lindsay Sharkey\n\nFrom: Swartz Creek, MI\n\nCall Name: Boom\n\nBreed: All-American Dog\n\nHandler(s): Cindy Greenslade\n\nAKC is a participant in affiliate advertising programs designed to provide a means for sites to earn advertising fees by advertising and linking to akc.org. If you purchase a product through this article, we may receive a portion of the sale.\n\nFrom: Anderston, IN\n\n', 'Senior Master, Apache': 'Call Name: Titan\n\nBreed: Dutch Shepherd\n\nHandler(s): Denise Duriga\n\nFrom: Cedar Lake, IN\n\nCall Name: Trinity\n\nBreed: All-American Dog\n\nHandler(s): Erin Rakosky\n\nFrom: Asheboro, NC\n\nCall Name: Gilligan\n\nBreed: Labrador Retriever\n\nHandler(s): Valerie Ford\n\nFrom: Deland, FL\n\n', 'Lap, Blackhawk': 'Call Name: Nimona\n\nAKC is a participant in affiliate advertising programs designed to provide a means for sites to earn advertising fees by advertising and linking to akc.org. If you purchase a product through this article, we may receive a portion of the sale.\n\nBreed: All-American Dog\n\nHandler(s): Adriana Nottestad\n\nFrom: Wendell, NC\n\nCall Name: The Fig \n\nBreed: Staffordshire Bull Terrier\n\nHandler(s): Pam Dural\n\nFrom: Lebanon, OH\n\nCall Name: Yogi\n\nBreed: Boston Terrier\n\nHandler(s): Chris Kemper\n\nFrom: Jacksonville, FL\n\n', 'Get Started in Dock Diving': 'If the AKC Diving Dogs Challenge seems intriguing and you have a dog that loves water, you’re already one step closer to competing yourself.\n\nLike many dog sports, all dogs over six months, including mixed breeds, are eligible to compete in Diving Dogs (other than females in season.) Titles earned through North America Diving Dogs (NADD) will be recognized by The American Kennel Club. To apply, simply complete the Title Application.\n\nAKC is a participant in affiliate advertising programs designed to provide a means for sites to earn advertising fees by advertising and linking to akc.org. If you purchase a product through this article, we may receive a portion of the sale.\n\n', 'We use cookies': '', 'Privacy Preference Center': ''}",[]
https://www.akc.org/expert-advice/sports/rally-national-championship-norwegian-buhund-buddy/,Norwegian Buhund ‘Buddy’ Takes on Second AKC Rally National Championship,"Jun 30, 2025","['akc rally national championship', 'norwegian buhund']",Micaela Erickson,"From July 3 to 5, the 2025 AKC Rally National Championship will take place at Purina Farms in St. Louis, MO. Dogs and their handlers will navigate a course side-by-side, going through 10-20 different signs that indicate different skills to be performed. One of those dogs, a breed you may not recognize, is “Buddy,” the Norwegian Buhund.

Hundreds of dogs from across the country will showcase their talents at this year’s Rally National Championship, and naturally, some breeds will be more represented than others. Buddy (Fortryllet Its So Easy To Fall In Love CD BN RI BCAT CGC TKN) has the honor of being the sole representative of his breed. This Spitz breed is known to be rare in the United States, and as of 2021, there were only about 400 registered Buhunds in the country.

","{'Back For Another Round of Rally': 'Buddy, who’s now three years old, is returning for his second AKC Rally National Championship with his handler, Christine VanVleet, after competing in the 2024 championship in Wilmington, Ohio. Buddy comes from a litter of Norwegian Buhunds that VanVleet bred herself. Both dogs that he descends from are successful dog sport competitors.\n\nAKC is a participant in affiliate advertising programs designed to provide a means for sites to earn advertising fees by advertising and linking to akc.org. If you purchase a product through this article, we may receive a portion of the sale.\n\nVanVleet picked up on Buddy’s smarts early in his life. When he was a puppy, she noted his knack for quickly picking up on new skills and his ability to make observations about the world around him. “From an early age, I was able to see he’s a thinker. He would watch the other puppies [and] his mom before he would dive into anything,” said VanVleet. “When we started [basic obedience training], he caught on so quickly that I transitioned to where we would go to something more formal. Our go-to to start is always Rally.”\n\n', 'Variety Is Key When Training': 'When it comes to training for Rally competitions, VanVleet’s approach is multipronged and always rooted in positive techniques. VanVleet has found success in honing Buddy’s skills through a mix of obedience training at home and utilizing resources at her local kennel club.\n\nAKC is a participant in affiliate advertising programs designed to provide a means for sites to earn advertising fees by advertising and linking to akc.org. If you purchase a product through this article, we may receive a portion of the sale.\n\n“We participate in obedience classes at the Kalamazoo Kennel Club, and then I work with a woman who offers both semi-private lessons and small classes,” says VanVleet as she outlines her training regimen.\n\nShe also finds it beneficial to take Buddy’s training “on the road” to get him comfortable performing behaviors around distractions in a variety of environments. VanVleet and Buddy practice their skills anywhere, from parks to the beach to their local Lowe’s store.\n\n', 'VanVleet Knows Her Way Around Competition Sports': 'Though it’s only year two of competing with Buddy, VanVleet is no stranger to dog sports. VanVleet fell in love with competition sports in 1999 when she had her Bullmastiff run in a practice agility match on a whim.\n\nAKC is a participant in affiliate advertising programs designed to provide a means for sites to earn advertising fees by advertising and linking to akc.org. If you purchase a product through this article, we may receive a portion of the sale.\n\n“I took [our] Bullmastiff [to the match] along with me,” said VanVleet. “Somebody said, ‘Why don’t you just run her and see what she does?’ And she ran like she’d been running it all her life. I was hooked on the agility after that.”\n\nAfter years of competing with her Bullmastiff, VanVleet eventually found her way to Norwegian Buhunds. She’s been a proud owner for the last seven years. VanVleet praises the breed for being incredibly versatile and intelligent dogs.\n\n“They’re just so engaged. Buddy wants to work. He picks up on things very quickly. The more he works at them, the more behaviors he offers,” says VanVleet. “I’m just blown away by their level of intelligence. I mean, I have four Buhunds, and I see it with all of them.”\n\n', 'A Great Breed for Dog Sports': 'With their low prevalence in the United States, VanVleet notes that she sees Norwegian Buhunds most often in the conformation ring. She was surprised to learn that Buddy would be the only Buhund competing at this year’s AKC Rally National Championship.\n\nAKC is a participant in affiliate advertising programs designed to provide a means for sites to earn advertising fees by advertising and linking to akc.org. If you purchase a product through this article, we may receive a portion of the sale.\n\nVanVleet notes that while she does see many Buhunds at these competitions, “it doesn’t mean that there are tons of them at any one particular show.” VanVleet finds their rarity somewhat surprising, especially considering the breed’s versatility.\n\n“I’d like to see a lot more Buhunds participate in performance events. They’re very capable,” says VanVleet.\n\n', 'A Bond That Thrives on Trust': 'Obedience training and participating in Rally have strengthened VanVleet’s bond with Buddy. Because a handler and dog need to work in tandem for Rally, being able to come together as a team is crucial. According to VanVleet, watching the duo compete is the only way to truly understand their connection.\n\nAKC is a participant in affiliate advertising programs designed to provide a means for sites to earn advertising fees by advertising and linking to akc.org. If you purchase a product through this article, we may receive a portion of the sale.\n\nAs much as VanVleet loves having Buddy compete in Rally and obedience, ultimately, his happiness is paramount. No title is worth Buddy’s stress or dissatisfaction to VanVleet.\n\n“My philosophy with my dogs is to go as far as they’re comfortable,” she says. “As long as he’s happy doing whatever it is we’re doing or training for, I will take him as far as he can go.”\n\n', 'We use cookies': '', 'Privacy Preference Center': ''}",[]
